basename,ps_name,other_names,font_path,ttc_face_index,font_size_pt,dpi,skt_ok
Aathup,Aathup,Aathup|Arrunta|Navadno|Normaali|Normal|Normale|Normalny|Normál|Normálne|Regular|Standaard|Standard|normal|obyčejné|Κανονικά|Обычный,selection_normalized/Aathup.ttf,,24,300,1
Amdo_classic_1,AmdoClassic1,Amdo Classic 1|Amdo Classic 1 ཨ་མདོ་ཕུལ་བྱུང ༡|Regular,selection_normalized/Amdo_Claasic/amdo_classic_1.ttf,,24,300,1
Amdo_classic_3,AmdoClassic3,Amdo Classic 3|Amdo Classic 3 ཨ་མདོ་ཕུལ་བྱུང ༣|Regular,selection_normalized/Amdo_Claasic/amdo_classic_3.ttf,,24,300,1
AmdoClassic2,AmdoClassic2,Amdo Classic 2|Amdo Classic 2 ཨ་མདོ་ཕུལ་བྱུང ༢|Regular,selection_normalized/Amdo_Claasic/AmdoClassic2.ttf,,24,300,1
AmdoClassic4,AmdoClassic4,Amdo Classic 4|Amdo Classic 4 ཨ་མདོ་ཕུལ་བྱུང ༤|Regular,selection_normalized/Amdo_Claasic/AmdoClassic4.ttf,,24,300,1
Atisha,Atisha,Atisha|Regular,selection_normalized/Atisha/Atisha.ttf,,24,300,1
BabelStoneTibetan,BabelStoneTibetan,BabelStone Tibetan|Regular,selection_normalized/BabelStone/BabelStoneTibetan.ttf,,24,300,1
BabelStoneTibetanSlim,BabelStoneTibetanSlim,BabelStone Tibetan Slim|Regular,selection_normalized/BabelStone/BabelStoneTibetanSlim.ttf,,24,300,1
Bhozuk_Chungmigma,BhozukChungmigma,Bhozuk Chungmigma|Regular,selection_normalized/Bhod_Dhorchang_s_Fonts/Bhozuk_Chungmigma.otf,,32,300,1
Bhozuk_Danak_Shokpa,BhozukDanakShokpa,Bhozuk Danak Shokpa|Regular,selection_normalized/Bhod_Dhorchang_s_Fonts/Bhozuk_Danak_Shokpa.otf,,32,300,1
Bhozuk_Dunhuang_B,BhozukDunhuangB,Bhozuk Dunhuang£B|Bhozuk Dunhuang（B）|Regular,selection_normalized/Bhod_Dhorchang_s_Fonts_aa077ee8/Bhozuk_Dunhuang/Bhozuk_Dunhuang_B.ttf,,40,300,1
Bhozuk_Dunhuang_D,Bhozuk Dunhuang（D）,Arrunta|Bhozuk Dunhuang£D|Bhozuk Dunhuang（D）|Navadno|Normaali|Normal|Normale|Normalny|Normál|Normálne|Regular|Standaard|Standard|normal|obyčejné|Κανονικά|Обычный,selection_normalized/Bhod_Dhorchang_s_Fonts_aa077ee8/Bhozuk_Dunhuang/Bhozuk_Dunhuang_D.ttf,,40,300,1
Bhozuk_Gendun_Chompel,BhozukGendunChompel,Bhozuk Gendun Chompel|Regular,selection_normalized/Bhod_Dhorchang_s_Fonts/Bhozuk_Gendun_Chompel.ttf,,40,300,1
Bhozuk_Jangrdungma,BhozukJangrdungma,Bhozuk Jangrdungma|Regular,selection_normalized/Bhod_Dhorchang_s_Fonts/Bhozuk_Jangrdungma.otf,,26.4,300,1
Bhozuk_Katenma_A,BhozukKatenmaA,Bhozuk Katenma£A|Bhozuk Katenma（A）|Regular,selection_normalized/Bhod_Dhorchang_s_Fonts_aa077ee8/Bhozuk_Katenma/Bhozuk_Katenma_A.ttf,,24,300,1
Bhozuk_Lagdrima,BhozukLagdrima,Bhozuk Lagdrima|Regular,selection_normalized/Bhod_Dhorchang_s_Fonts/Bhozuk_Lagdrima.otf,,35.64,300,1
Bhozuk_Lhendrepma,BhozukLhendrepma-,?|Bhozuk Lhendrepma|Bhozuk Lhendrepma ?|Bhozuk Lhendrepma 常规|常规,selection_normalized/Bhod_Dhorchang_s_Fonts/Bhozuk_Lhendrepma.ttf,,26.12,300,0
Bhozuk_Peltsek_Dzapchen,Bhozuk Peltsek Dzapchen,Arrunta|Bhozuk Peltsek Dzapchen|Navadno|Normaali|Normal|Normale|Normalny|Normál|Normálne|Regular|Standaard|Standard|normal|obyčejné|Κανονικά|Обычный,selection_normalized/Bhod_Dhorchang_s_Fonts/Bhozuk_Peltsek_Dzapchen.ttf,,25.17,300,1
Bhozuk_Rahnyama,BhozukRahnyama,Bhozuk Rahnyama|Regular,selection_normalized/Bhod_Dhorchang_s_Fonts/Bhozuk_Rahnyama.otf,,32,300,1
Bhozuk_Tsershingma,BhozukTsershingma,Bhozuk Tsershingma|Regular,selection_normalized/Bhod_Dhorchang_s_Fonts/Bhozuk_Tsershingma.ttf,,26.4,300,1
Bhozuk_Vijahara_A,BhozukVijahraA,Arrunta|Bhozuk Vijah¨ra (A|Bhozuk Vijahāra (A)|Navadno|Normaali|Normal|Normale|Normalny|Normál|Normálne|Regular|Standaard|Standard|normal|obyčejné|Κανονικά|Обычный,selection_normalized/Bhod_Dhorchang_s_Fonts_aa077ee8/Bhozuk_Vijahara/Bhozuk_Vijahara_A.ttf,,30.43,300,0
Bhozuk_Vijahara_B,BhozukVijahraB,Arrunta|Bhozuk Vijah¨ra (B|Bhozuk Vijahāra (B)|Navadno|Normaali|Normal|Normale|Normalny|Normál|Normálne|Regular|Standaard|Standard|normal|obyčejné|Κανονικά|Обычный,selection_normalized/Bhod_Dhorchang_s_Fonts_aa077ee8/Bhozuk_Vijahara/Bhozuk_Vijahara_B.ttf,,32.27,300,0
BM-QZT,白玛琼智体,Arrunta|BM-QZT|Navadno|Normaali|Normal|Normale|Normalny|Normál|Normálne|Regular|Standaard|Standard|normal|obyčejné|Κανονικά|Обычный|白玛琼智体,selection_normalized/Jamyang_Font_Family/BM-QZT.otf,,26.4,300,1
Calligraphy_of_Thonmi-SlevuBris_VkhyugsYig,Calligraphy of Thonmi-SlevuBris VkhyugsYig,Arrunta|Calligraphy of Thonmi-|Calligraphy of Thonmi-SlevuBris VkhyugsYig|Navadno|Normaali|Normal|Normale|Normalny|Normál|Normálne|Regular|SlevuBris VkhyugsYig|Standaard|Standard|normal|obyčejné|Κανονικά|Обычный|吞弥恰俊—柳酋体,selection_normalized/Calligraphy_of_Thonmi_Font_Family/Calligraphy_of_Thonmi-SlevuBris_VkhyugsYig.ttf,,31.2,300,0
DDC_Rinzin,DDC_Rinzin,DDC Rinzin|Regular,selection_normalized/Dzongkha_fonts_3e420444/DDC/DDC_Rinzin.ttf,,24,300,1
Ddc_uchen,DDC_Uchen,DDC Uchen|DDC_Uchen|Regular,selection_normalized/Dzongkha_fonts_3e420444/DDC/ddc_uchen.ttf,,24,300,1
DS_TsekRang,DS_TsekRang,DS_TsekRang|Regular,selection_normalized/DS_Font_Family/DS_TsekRang.ttf,,28,300,0
DS_TsekTong,DS_TsekTong,DS_TsekTong|Regular,selection_normalized/DS_Font_Family/DS_TsekTong.ttf,,28,300,0
Dundrupfont-Regular,dundrupfont,Regular|dundrup font,selection_normalized/dundrupfont-Regular.ttf,,24,300,1
Dzongkaunicodebeta6,DzongkaUnicode,DzongkaUnicode|Regular,selection_normalized/Dzongkha_fonts/dzongkaunicodebeta6.ttf,,33.86,300,0
Font,JMYZKNZT2,JMYZK-NZT2|Regular|嘉木杨字库-聂智体2,selection_normalized/Jamyang_Font_Family/-2.otf,,24,300,1
Font_1,嘉木杨-毛兰簇仁体,Arrunta|JMY-MLCRT2.2|Navadno|Normaali|Normal|Normale|Normalny|Normál|Normálne|Regular|Standaard|Standard|normal|obyčejné|Κανονικά|Обычный|འཇམ་དབྱངས་ཡིག་མཛོད་སྨོན་ལམ་སུག་རིང་།|སྤྱིར་བཏང་།|嘉木杨-毛兰簇仁体,selection_normalized/Jamyang_Font_Family/-2.2.otf,,40,300,0
FZZWBTTOT_Uni,FZZWBTT--Uni-ZW1-0,FZZWBTTOT_Unicode|Regular|方正藏文标题体OT_Unicode,selection_normalized/FZZWZT-FounderType_Tibetan_Font_Family/FZZWBTTOT_Uni.ttf,,24,300,0
FZZWCTOT_Uni,FZZWCT--Uni-ZW1-0,FZZWCTOT_Unicode|Regular|方正藏文长体OT_Unicode,selection_normalized/FZZWZT-FounderType_Tibetan_Font_Family/FZZWCTOT_Uni.ttf,,38,300,0
FZZWMSTOT_Uni,FZZWMST--Uni-ZW1-0,FZZWMSTOT_Unicode|Regular|方正藏文美术体OT_Unicode,selection_normalized/FZZWZT-FounderType_Tibetan_Font_Family/FZZWMSTOT_Uni.ttf,,24,300,0
FZZWWJQTOT_Uni,FZZWWJQT--Uni-ZW1-0,FZZWWJQTOT_Unicode|Regular|方正藏文吾坚琼体OT_Unicode,selection_normalized/FZZWZT-FounderType_Tibetan_Font_Family/FZZWWJQTOT_Uni.ttf,,24,300,1
FZZWXBTOT_Uni,FZZWXBT--Uni-ZW1-0,FZZWXBTOT_Unicode|Regular|方正藏文新白体OT_Unicode,selection_normalized/FZZWZT-FounderType_Tibetan_Font_Family/FZZWXBTOT_Uni.ttf,,24,300,1
FZZWXHTOT_Uni,FZZWXHT--Uni-ZW1-0,FZZWXHTOT_Unicode|Regular|方正藏文新黑体OT_Unicode,selection_normalized/FZZWZT-FounderType_Tibetan_Font_Family/FZZWXHTOT_Uni.ttf,,24,300,1
FZZWZT_UniOT,FZZWZT--Uni-ZW1-0,FZZWZTOT_Unicode|Regular|方正藏文竹体OT_Unicode,selection_normalized/FZZWZT-FounderType_Tibetan_Font_Family/FZZWZT_UniOT.ttf,,34,300,0
GangJie-Chumaqu_1,岗杰酋玛簇,?|Arrunta|GangJie-Chumaqu|Navadno|Normaali|Normal|Normale|Normalny|Normál|Normálne|Regular|Standaard|Standard|normal|obyčejné|Κανονικά|Обычный|岗杰酋玛簇,selection_normalized/Gangjie_Font_Family/GangJie-Chumaqu_1.ttf,,28,300,1
GangJie-Chuyi_1,岗杰酋伊体,?|Arrunta|GangJie-Chuyi|Navadno|Normaali|Normal|Normale|Normalny|Normál|Normálne|Regular|Standaard|Standard|normal|obyčejné|Κανονικά|Обычный|岗杰酋伊体,selection_normalized/Gangjie_Font_Family/GangJie-Chuyi_1.ttf,,28,300,1
GangJie-Drutsa,GangJie-Drutsa,Arrunta|GangJie-Drutsa|Navadno|Normaali|Normal|Normale|Normalny|Normál|Normálne|Qomolangma-Uchen Suring|Regular|Standaard|Standard|normal|obyčejné|Κανονικά|Обычный|岗杰朱匝体,selection_normalized/Gangjie_Font_Family/GangJie-Drutsa.ttf,,24,300,1
GangJie-Uchen_1,岗杰乌金体,Arrunta|GangJie-Uchen|Navadno|Normaali|Normal|Normale|Normalny|Normál|Normálne|Regular|Standaard|Standard|normal|obyčejné|Κανονικά|Обычный|岗杰乌金体,selection_normalized/Gangjie_Font_Family/GangJie-Uchen_1.ttf,,24,300,0
GologDernangSadris-Drutsa,GologDernangSadris-Drutsa,Arrunta|GologDernangSadris-Drutsa|Navadno|Normaali|Normal|Normale|Normalny|Normál|Normálne|Regular|Standaard|Standard|normal|obyčejné|Κανονικά|Обычный|果洛德昂洒智—珠擦体,selection_normalized/Golog_Dernang_Sadri_Typeface/GologDernangSadris-Drutsa.ttf,,24,300,1
GologDernangSadris-Yigchen,GologDernangSadris-Yigchen,Arrunta|GologDernangSadris-Yigchen|Navadno|Normaali|Normal|Normale|Normalny|Normál|Normálne|Regular|Standaard|Standard|normal|obyčejné|果洛德昂洒智—艺钦体,selection_normalized/Golog_Dernang_Sadri_Typeface/GologDernangSadris-Yigchen.ttf,,24,300,1
GologDernangSadris-Yigchung,GologDernangSadris-Yigchung,Arrunta|GologDernangSadris-Yigchung|Navadno|Normaali|Normal|Normale|Normalny|Normál|Normálne|Regular|Standaard|Standard|normal|obyčejné|Κανονικά|Обычный|果洛德昂洒智—艺琼体,selection_normalized/Golog_Dernang_Sadri_Typeface/GologDernangSadris-Yigchung.ttf,,32,300,1
GONGBA-Tibet,______GONGBA-Tibet,Regular|______GONGBA-Tibet|______GONGBA-Tibet GONGBA-Tibet|公巴藏文字体GONGBA-Tibet|公巴藏文字体GONGBA-Tibet GONGBA-Tibet,selection_normalized/GONGBA-Tibet.otf,,42,300,0
Himalaya,MicrosoftHimalaya,Arrunta|Microsoft Himalaya|Navadno|Normaali|Normal|Normale|Normalny|Normál|Normálne|Regular|Standaard|Standard|normal|obyčejné|Κανονικά|Обычный,selection_normalized/Microsoft_Himalaya/himalaya.ttf,,26.4,300,1
Himalaya_2,MicrosoftHimalaya,Arrunta|Microsoft Himalaya|Navadno|Normaali|Normal|Normale|Normalny|Normál|Normálne|Regular|Standaard|Standard|normal|obyčejné|Κανονικά|Обычный,selection_normalized/Microsoft_Himalaya/himalaya_2.ttf,,24,300,1
Jamyang_Monlam_Uchen,-JYMLWJT,Arrunta|JY-MLWJT|Normal|Regular|Ã« JY-ML|ÎÄ-Ñî-Ã« JY-ML|嘉木杨-毛兰乌金体|嘉木杨-毛兰乌金体 JY-MLWJT,selection_normalized/Jamyang_Font_Family/Jamyang_Monlam_Uchen.otf,,24,300,1
JMY-MLCQT,JMYMLCQT,Arrunta|JMY-MLCQT|Navadno|Normaali|Normal|Normale|Normalny|Normál|Normálne|Regular|Standaard|Standard|normal|obyčejné|Κανονικά|Обычный|འཇམ་དབྱངས་ཡིག་མཛོད་སྨོན་ལམ་དབུ་ཅན།|སྤྱིར་བཏང་།|嘉木杨-毛兰簇琼体,selection_normalized/Jamyang_Font_Family/JMY-MLCQT.otf,,42,300,0
JMY-MLCRT1.0,嘉木杨-毛兰簇仁体,Arrunta|JMY-MLCRT|Navadno|Normaali|Normal|Normale|Normalny|Normál|Normálne|Regular|Standaard|Standard|normal|obyčejné|Κανονικά|Обычный|འཇམ་དབྱངས་ཡིག་མཛོད་སྨོན་ལམ་སུག་རིང་།|སྤྱིར་བཏང་།|嘉木杨-毛兰簇仁体,selection_normalized/Jamyang_Font_Family/JMY-MLCRT1.0.otf,,42,300,0
JMY-MLCTT1.0,JMYMLCTT,Arrunta|JMY-MLCTT|Normaali|Normal|Normale|Normalny|Normál|Normálne|Regular|Standaard|Standard|normal|obyčejné|Κανονικά|Обычный|嘉木杨-毛兰簇通体,selection_normalized/Jamyang_Font_Family/JMY-MLCTT1.0.otf,,43.27,300,0
JMY-MLJZT1.0,嘉木杨-毛兰臼智体,Arrunta|JMY-MLJZT1.0|Navadno|Normaali|Normal|Normale|Normalny|Normál|Normálne|Regular|Standaard|Standard|normal|obyčejné|Κανονικά|Обычный|འཇམ་དབྱངས་ཡིག་མཛོད་སྨོན་ལམ་སུག་རིང་།|སྤྱིར་བཏང་།|嘉木杨-毛兰臼智体,selection_normalized/Jamyang_Font_Family/JMY-MLJZT1.0.otf,,32,300,0
JMY-MLWJT2.5,JMYMLWJT,Arrunta|JMY-MLWJT|Normaali|Normal|Normale|Normalny|Normál|Normálne|Regular|Standaard|Standard|normal|obyčejné|Κανονικά|Обычный|嘉木杨-毛兰乌金体,selection_normalized/Jamyang_Font_Family/JMY-MLWJT2.5.otf,,24,300,1
JMY-MLZZT1.0,JMYMLZZT,Arrunta|JMY-MLZZT|Normaali|Normal|Normale|Normalny|Normál|Normálne|Regular|Standaard|Standard|normal|obyčejné|Κανονικά|Обычный|嘉木杨-毛兰珠匝体,selection_normalized/Jamyang_Font_Family/JMY-MLZZT1.0.otf,,32,300,0
Jomolhari-id,Jomolhari-ID,Jomolhari-ID|Regular,selection_normalized/Dzongkha_fonts_3e420444/Jomolhari/jomolhari-id.ttf,,24,300,1
Joyig_Regular_v1,DDC_Joyig,DDC Joyig|Regular,selection_normalized/Dzongkha_fonts/Joyig_Regular_v1.ttf,,24,300,1
JYWJT,JYWJT,JYWJT|Regular|嘉木杨乌金体,selection_normalized/JYWJT.ttf,,24,300,1
Kailasa_ttc_0,Kailasa-Bold,Bold|Kailasa|Kailasa Bold,selection_normalized/kailasa.ttc,0,24,300,1
Kailasa_ttc_1,Kailasa,Kailasa|Kailasa Regular|Normaali|Normal|Ordinær|Regolare|Regular|Regulier|Обычный|レギュラー|常规体|標準體|일반체,selection_normalized/kailasa.ttc,1,24,300,1
Khampa_Dedri-Bechu_Regular,KhampaDedriBechu,Khampa Dedri-Bechu|Regular|康巴德智-柏丘体,selection_normalized/Bero_Tsana_Type_Foundry_6855e2c5/Khampa_Dedri_Font_Family/Khampa_Dedri-Bechu_Regular.ttf,,32,300,1
Khampa_Dedri-Chuyig_Regular,KhampaDedriChuyig,Arrunta|Khampa Dedri-Chuyig|Navadno|Normaali|Normal|Normale|Normalny|Normál|Normálne|Regular|Standaard|Standard|normal|obyčejné|Κανονικά|Обычный|康巴德智-丘艺体,selection_normalized/Bero_Tsana_Type_Foundry_6855e2c5/Khampa_Dedri_Font_Family/Khampa_Dedri-Chuyig_Regular.ttf,,38,300,1
Khampa_Dedri-Drugang_Regular,KhampaDedriDrugang,Khampa Dedri-Drugang|Regular|康巴德智-珠岗体,selection_normalized/Bero_Tsana_Type_Foundry_6855e2c5/Khampa_Dedri_Font_Family/Khampa_Dedri-Drugang_Regular.ttf,,24,300,1
Khampa_Dedri-Drutsa_Regular,KhampaDedriDrutsa,Khampa Dedri-Drutsa|Regular|康巴德智－珠擦体,selection_normalized/Bero_Tsana_Type_Foundry_6855e2c5/Khampa_Dedri_Font_Family/Khampa_Dedri-Drutsa_Regular.ttf,,24,300,1
KhaWaBetsugsSans-Display-Black,KhaWaBetsugsSans-Display-Black,KhaWa Betsugs Sans-Display Black|Regular|ཁ་བའི་སྤྲོས་མེད་དཔེ་ཚུགས། འཆར་ཡིག Black|卡瓦柏簇无衬线-标题体 Black,selection_normalized/Khawa_Sans_Petsug/KhaWaBetsugsSans-Display-Black.ttf,,24,300,1
KhaWaBetsugsSans-Display-NormalSemiCondensed,KhaWaBetsugsSans-Display-NormalSemiCondensed,KhaWa Betsugs Sans-Display Normal SemiCondensed|KhaWa Betsugs Sans-Display Normal SmCond|Regular|ཁ་བའི་སྤྲོས་མེད་དཔེ་ཚུགས། འཆར་ཡིག Normal SmCond|卡瓦柏簇无衬线-标题体 Normal SmCond,selection_normalized/Khawa_Sans_Petsug/KhaWaBetsugsSans-Display-NormalSemiCondensed.ttf,,26.4,300,1
KhaWaBetsugsSans-Display-ThinCondensed,KhaWaBetsugsSans-Display-ThinCondensed,KhaWa Betsugs Sans-Display Thin Cond|KhaWa Betsugs Sans-Display Thin Condensed|Regular|ཁ་བའི་སྤྲོས་མེད་དཔེ་ཚུགས། འཆར་ཡིག Thin Cond|卡瓦柏簇无衬线-标题体 Thin Cond,selection_normalized/Khawa_Sans_Petsug/KhaWaBetsugsSans-Display-ThinCondensed.ttf,,36,300,1
KhaWaBetsugsSans-Text-Medium,KhaWaBetsugsSans-Text-Medium,KhaWa Betsugs Sans-Text Medium|Regular|ཁ་བའི་སྤྲོས་མེད་དཔེ་ཚུགས། དཀྱུས་ཡིག Medium|卡瓦柏簇无衬线-正文体 Medium,selection_normalized/Khawa_Sans_Petsug/KhaWaBetsugsSans-Text-Medium.ttf,,26.4,300,1
Kokonor,Kokonor,Kokonor|Kokonor Regular|Normaali|Normal|Ordinær|Regolare|Regular|Regulier|Обычный|レギュラー|常规体|標準體|일반체,selection_normalized/kokonor.ttf,,24,300,1
Minam_Kagyu_Tadri,MinamKagyuTadri,Arrunta|Minam Kagyu Tadri|Navadno|Normaali|Normal|Normale|Normalny|Normál|Normálne|Regular|Standaard|Standard|normal|obyčejné|Обычный,selection_normalized/Minam_Font_Family/Minam_Kagyu_Tadri.ttf,,24,300,1
Minam_Nangdri_Norbuma,MinamNangdriNorbuma,Minam Nangdri Norbuma|Regular|米南-囊智诺布玛,selection_normalized/Minam_Font_Family/Minam_Nangdri_Norbuma.otf,,26.4,300,1
MiSansTibetan-Bold,MiSansTibetan-Bold,Bold|MiSans Tibetan|MiSans Tibetan Bold,selection_normalized/MiSans_Tibetan/MiSansTibetan-Bold.ttf,,24,300,1
MiSansTibetan-Demibold,MiSansTibetan-Demibold,Demibold|MiSans Tibetan|MiSans Tibetan Demibold|Regular,selection_normalized/MiSans_Tibetan/MiSansTibetan-Demibold.ttf,,24,300,1
MiSansTibetan-ExtraLight,MiSansTibetan-ExtraLight,ExtraLight|MiSans Tibetan|MiSans Tibetan ExtraLight|Regular,selection_normalized/MiSans_Tibetan/MiSansTibetan-ExtraLight.ttf,,24,300,1
MiSansTibetan-Heavy,MiSansTibetan-Heavy,Heavy|MiSans Tibetan|MiSans Tibetan Heavy|Regular,selection_normalized/MiSans_Tibetan/MiSansTibetan-Heavy.ttf,,24,300,1
MiSansTibetan-Light,MiSansTibetan-Light,Light|MiSans Tibetan|MiSans Tibetan Light|Regular,selection_normalized/MiSans_Tibetan/MiSansTibetan-Light.ttf,,24,300,1
MiSansTibetan-Medium,MiSansTibetan-Medium,Medium|MiSans Tibetan|MiSans Tibetan Medium|Regular,selection_normalized/MiSans_Tibetan/MiSansTibetan-Medium.ttf,,24,300,1
MiSansTibetan-Normal,MiSansTibetan-Normal,MiSans Tibetan|MiSans Tibetan Normal|Normal|Regular,selection_normalized/MiSans_Tibetan/MiSansTibetan-Normal.ttf,,24,300,1
MiSansTibetan-Regular,MiSansTibetan,MiSans Tibetan|Regular,selection_normalized/MiSans_Tibetan/MiSansTibetan-Regular.ttf,,24,300,1
MiSansTibetan-Semibold,MiSansTibetan-Semibold,MiSans Tibetan|MiSans Tibetan Semibold|Regular|Semibold,selection_normalized/MiSans_Tibetan/MiSansTibetan-Semibold.ttf,,24,300,1
MiSansTibetan-Thin,MiSansTibetan-Thin,MiSans Tibetan|MiSans Tibetan Thin|Regular|Thin,selection_normalized/MiSans_Tibetan/MiSansTibetan-Thin.ttf,,24,300,1
MiSansTibetanVF,MiSansTibetanVF,MiSans MiSans Tibetan VF|MiSans Tibetan VF|Regular,selection_normalized/MiSans_Tibetan/MiSansTibetanVF.ttf,,24,300,1
Monlam_Lakdi_Ouchen,MonlamUniLakdiOuchen-Regular,Monlam Uni Lakdi Ouchen|Monlam Uni Lakdi Ouchen Regular|Regular,selection_normalized/Monlam_Font_Family/Monlam_Lakdi_Ouchen.ttf,,24,300,1
Monlam_Tsikmachok,MonlamTsikmachok-Regular,Monlam Tsikmachok|Monlam Tsikmachok Regular|Regular,selection_normalized/Monlam_Font_Family/Monlam_Tsikmachok.ttf,,24,300,0
Monlam_Uni_Chouk,MonlamUniChouk,Monlam Uni Chouk|Regular,selection_normalized/Monlam_Font_Family/Monlam_Uni_Chouk.ttf,,32,300,0
Monlam_Uni_ChoukMatik,MonlamUniChoukmatik,Monlam Uni Choukmatik|Regular,selection_normalized/Monlam_Font_Family/Monlam_Uni_ChoukMatik.ttf,,32,300,0
Monlam_Uni_Dutsa1,MonlamUniDutsa1,Monlam Uni Dutsa1|Regular,selection_normalized/Monlam_Font_Family/Monlam_Uni_Dutsa1.ttf,,24,300,1
Monlam_Uni_Dutsa2,MonlamUniDutsa2,Monlam Uni Dutsa2|Regular,selection_normalized/Monlam_Font_Family/Monlam_Uni_Dutsa2.ttf,,24,300,1
Monlam_Uni_OuChan1,MonlamUniOuChan1,Monlam Uni OuChan1|Regular,selection_normalized/Monlam_Font_Family/Monlam_Uni_OuChan1.ttf,,24,300,1
Monlam_Uni_OuChan2,MonlamUniOuChan2-Regular,Monlam Uni OuChan2|Monlam Uni OuChan2 Regular|Regular,selection_normalized/Monlam_Font_Family/Monlam_Uni_OuChan2.ttf,,24,300,1
Monlam_Uni_OuChan3,MonlamUniOuChan3,Monlam Uni OuChan3|Regular,selection_normalized/Monlam_Font_Family/Monlam_Uni_OuChan3.ttf,,24,300,1
Monlam_Uni_OuChan4,MonlamUniOuChan4,Monlam Uni OuChan4|Regular,selection_normalized/Monlam_Font_Family/Monlam_Uni_OuChan4.ttf,,24,300,1
Monlam_Uni_OuChan5,MonlamUniOuChan5,Monlam Uni OuChan5|Regular,selection_normalized/Monlam_Font_Family/Monlam_Uni_OuChan5.ttf,,24,300,1
Monlam_Uni_Sans_Serif,MonlamUniSansSerif,Monlam Uni Sans Serif|Regular,selection_normalized/Monlam_Font_Family/Monlam_Uni_Sans_Serif.ttf,,24,300,1
Monlam_Uni_Tikrang,MonlamUniTikrang,Monlam Uni Tikrang|Regular,selection_normalized/Monlam_Font_Family/Monlam_Uni_Tikrang.ttf,,32,300,0
Monlam_Uni_TikTong,MonlamUniTikTong,Monlam Uni TikTong|Regular,selection_normalized/Monlam_Font_Family/Monlam_Uni_TikTong.ttf,,32,300,1
MonlamUniPayTsik,MonlamUniPayTsik-Regular,Monlam Uni PayTsik|Monlam Uni PayTsik Regular|Regular,selection_normalized/Monlam_Font_Family/MonlamUniPayTsik.ttf,,24,300,1
Myilam_Boldface,Myilam_Boldface,?|Arrunta|Myilam_Boldface|Navadno|Normaali|Normal|Normale|Normalny|Normál|Normálne|Regular|Standaard|Standard|normal|obyčejné|Κανονικά|Обычный|常规|迷蓝—黑体,selection_normalized/Myilam_Font_Family/Myilam_Boldface.ttf,,28,300,0
Myilam_Feminine,--,?|Arrunta|Myilam_Feminine|Navadno|Normaali|Normal|Normale|Normalny|Normál|Normálne|Regular|Standaard|Standard|normal|obyčejné|Κανονικά|Обычный|常规|迷蓝—柔体,selection_normalized/Myilam_Font_Family/Myilam_Feminine.ttf,,32,300,0
Myilam_Gothic,迷蓝—哥特体,?|Arrunta|Myilam_Gothic|Navadno|Normaali|Normal|Normale|Normalny|Normál|Normálne|Regular|Standaard|Standard|normal|obyčejné|Κανονικά|Обычный|常规|迷蓝—哥特体,selection_normalized/Myilam_Font_Family/Myilam_Gothic.ttf,,32,300,0
Myilam_Horma,Myilam_Horma,Arrunta|Myilam_Horma|Navadno|Normaali|Normal|Normale|Normalny|Normál|Normálne|Regular|Standaard|Standard|normal|obyčejné|¨|®¨?|®¨??|Κανονικά|Обычный|常规|迷蓝—霍玛体,selection_normalized/Myilam_Font_Family/Myilam_Horma.ttf,,32,300,0
Myilam_Khyungdri,--,?|Arrunta|Myilam_Khyungdri|Navadno|Normaali|Normal|Normale|Normalny|Normál|Normálne|Regular|Standaard|Standard|normal|obyčejné|Κανονικά|Обычный|常规|迷蓝—琼体,selection_normalized/Myilam_Font_Family/Myilam_Khyungdri.ttf,,32,300,0
Myilam_Lightface,迷蓝—细线体,?|Arrunta|Myilam_Lightface|Navadno|Normaali|Normal|Normale|Normalny|Normál|Normálne|Regular|Standaard|Standard|normal|obyčejné|Κανονικά|Обычный|常规|迷蓝—细线体,selection_normalized/Myilam_Font_Family/Myilam_Lightface.ttf,,24,300,0
Myilam_Mandate,迷蓝—宫秀体,?|Arrunta|Myilam_Mandate|Navadno|Normaali|Normal|Normale|Normalny|Normál|Normálne|Regular|Standaard|Standard|normal|obyčejné|Κανονικά|Обычный|常规|迷蓝—宫秀体,selection_normalized/Myilam_Font_Family/Myilam_Mandate.ttf,,24,300,0
Myilam_Pearl_Necklace,--,Arrunta|Myilam_Pearl Necklace|Navadno|Normaali|Normal|Normale|Normalny|Normál|Normálne|Regular|Standaard|Standard|normal|obyčejné|¨|Κανονικά|Обычный|常规|迷蓝—连珠体,selection_normalized/Myilam_Font_Family/Myilam_Pearl_Necklace.ttf,,20.8,300,0
Myilam_Potala,--,?|Arrunta|Myilam_Potala|Navadno|Normaali|Normal|Normale|Normalny|Normál|Normálne|Regular|Standaard|Standard|normal|obyčejné|Κανονικά|Обычный|常规|迷蓝—布宫体,selection_normalized/Myilam_Font_Family/Myilam_Potala.ttf,,32,300,0
Myilam_Sea_Horse,Myilam_Sea Horse,?|Arrunta|Myilam_Sea Horse|Navadno|Normaali|Normal|Normale|Normalny|Normál|Normálne|Regular|Standaard|Standard|myilam_huati|myilam_huati ??|normal|obyčejné|Κανονικά|Обычный|常规|迷蓝—海马体,selection_normalized/Myilam_Font_Family/Myilam_Sea_Horse.ttf,,32,300,0
Myilam_Wind_Horse,Myilam_Wind Horse,15?|?|Arrunta|Myilam_Wind Horse|Navadno|Normaali|Normal|Normale|Normalny|Normál|Normálne|Regular|Standaard|Standard|normal|obyčejné|Κανονικά|Обычный|常规|迷蓝—经幡体,selection_normalized/Myilam_Font_Family/Myilam_Wind_Horse.ttf,,19.2,300,0
NotoSerifTibetan-Black,NotoSerifTibetan-Black,Noto Serif Tibetan Black|Regular,selection_normalized/Noto_Tibetan_Typeface/static/NotoSerifTibetan-Black.ttf,,24,300,1
NotoSerifTibetan-Regular,NotoSerifTibetan-Regular,Noto Serif Tibetan|Noto Serif Tibetan Regular|Regular,selection_normalized/Noto_Tibetan_Typeface/static/NotoSerifTibetan-Regular.ttf,,24,300,1
NotoSerifTibetan-Thin,NotoSerifTibetan-Thin,Noto Serif Tibetan Thin|Regular,selection_normalized/Noto_Tibetan_Typeface/static/NotoSerifTibetan-Thin.ttf,,24,300,1
Nyewo_6,Type-Weapon,Type|Type Weapon|Weapon,selection_normalized/Nyewo_6.ttf,,36,300,0
OuChanHT,OuChanHT,OuChanHT|Regular,selection_normalized/UT/OuChanHT.ttf,,24,300,1
Panchen_Tsukring_Regular,PanchenTsukring,Arrunta|Navadno|Normaali|Normal|Normale|Normalny|Normál|Normálne|Panchen Tsukring|Regular|Standaard|Standard|normal|obyčejné|Κανονικά|Обычный|པན་ཆེན་ཕྱག་བྲིས་ཚུགས་རིང་།|班禅恰智-簇仁体,selection_normalized/Bero_Tsana_Type_Foundry/Panchen_Tsukring_Regular.ttf,,24,300,1
Peltsek_Dzapchen,PeltsekDzapchen,Peltsek Dzapchen|Regular,selection_normalized/Bhod_Dhorchang_s_Fonts/Peltsek_Dzapchen.ttf,,24,300,1
Pema,Pema,Pema|Regular,selection_normalized/Pema.ttf,,24,300,1
Pema-Bold,Pema-Bold,Bold|Pema|Pema Bold,selection_normalized/Pema-Bold.ttf,,24,300,1
Qomolangma-Art,Qomolangma-Art,Arrunta|Navadno|Normaali|Normal|Normale|Normalny|Normál|Normálne|Qomolangma-Art|Regular|Standaard|Standard|normal|obyčejné|Κανονικά|Обычный|珠穆朗玛—美术体,selection_normalized/Qomolangma_Font_Family/Qomolangma-Art.ttf,,32,300,1
Qomolangma-Betsu,Qomolangma-Betsu,Arrunta|Navadno|Normaali|Normal|Normale|Normalny|Normál|Normálne|Qomolangma-Betsu|Regular|Standaard|Standard|normal|obyčejné|Κανονικά|Обычный|珠穆朗玛—柏簇体,selection_normalized/Qomolangma_Font_Family/Qomolangma-Betsu.ttf,,24,300,1
Qomolangma-Chuyig,珠穆朗玛—丘伊体,Arrunta|Navadno|Normaali|Normal|Normale|Normalny|Normál|Normálne|Qomolangma-Chuyig|Regular|Standaard|Standard|normal|obyčejné|Κανονικά|Обычный|珠穆朗玛—丘伊体,selection_normalized/Qomolangma_Font_Family/Qomolangma-Chuyig.ttf,,30,300,1
Qomolangma-Drutsa,珠穆朗玛—珠擦体,Arrunta|Navadno|Normaali|Normal|Normale|Normalny|Normál|Normálne|Qomolangma-Drutsa|Regular|Standaard|Standard|normal|obyčejné|Κανονικά|Обычный|珠穆朗玛—珠擦体,selection_normalized/Qomolangma_Font_Family/Qomolangma-Drutsa.ttf,,20.8,300,1
Qomolangma-Dunhuang,Qomolangma-Dunhuang,Arrunta|Navadno|Normaali|Normal|Normale|Normalny|Normál|Normálne|Qomolangma-Dunhuang|Regular|Standaard|Standard|normal|obyčejné|Κανονικά|Обычный|珠穆朗玛—敦煌体,selection_normalized/Qomolangma_Font_Family/Qomolangma-Dunhuang.ttf,,24,300,1
Qomolangma-Edict,Qomolangma-Edict,Arrunta|Navadno|Normaali|Normal|Normale|Normalny|Normál|Normálne|Qomolangma-Edict|Regular|Standaard|Standard|normal|obyčejné|Κανονικά|Обычный|珠穆朗玛—文告体,selection_normalized/Qomolangma_Font_Family/Qomolangma-Edict.ttf,,20.0,300,1
Qomolangma-Subtitle,Qomolangma-Subtitle,Arrunta|Navadno|Normaali|Normal|Normale|Normalny|Normál|Normálne|Qomolangma-Subtitle|Regular|Standaard|Standard|normal|obyčejné|Κανονικά|Обычный|珠穆朗玛—小标体,selection_normalized/Qomolangma_Font_Family/Qomolangma-Subtitle.ttf,,24,300,1
Qomolangma-Title,Qomolangma-Title,Arrunta|Navadno|Normaali|Normal|Normale|Normalny|Normál|Normálne|Qomolangma-Title|Regular|Standaard|Standard|normal|obyčejné|Κανονικά|Обычный|珠穆朗玛—标题体,selection_normalized/Qomolangma_Font_Family/Qomolangma-Title.ttf,,24,300,1
Qomolangma-Tsumachu,Qomolangma-Tsumachu,Arrunta|Navadno|Normaali|Normal|Normale|Normalny|Normál|Normálne|Qomolangma-Tsumachu|Regular|Standaard|Standard|normal|obyčejné|Κανονικά|Обычный|珠穆朗玛—簇玛丘体,selection_normalized/Qomolangma_Font_Family/Qomolangma-Tsumachu.ttf,,24,300,1
Qomolangma-Tsuring,Qomolangma-Tsuring,Arrunta|Navadno|Normaali|Normal|Normale|Normalny|Normál|Normálne|Qomolangma-Tsuring|Regular|Standaard|Standard|normal|obyčejné|Κανονικά|Обычный|珠穆朗玛—簇仁体,selection_normalized/Qomolangma_Font_Family/Qomolangma-Tsuring.ttf,,32,300,1
Qomolangma-Tsutong,珠穆朗玛—簇通体,Arrunta|Navadno|Normaali|Normal|Normale|Normalny|Normál|Normálne|Qomolangma-Tsutong|Regular|Standaard|Standard|normal|obyčejné|Κανονικά|Обычный|珠穆朗玛—簇通体,selection_normalized/Qomolangma_Font_Family/Qomolangma-Tsutong.ttf,,26,300,1
Qomolangma-UchenSarchen,珠穆朗玛—乌金萨钦体,Arrunta|Navadno|Normaali|Normal|Normale|Normalny|Normál|Normálne|Qomolangma-Uchen Sarchen|Regular|Standaard|Standard|normal|obyčejné|Κανονικά|Обычный|珠穆朗玛—乌金萨钦体,selection_normalized/Qomolangma_Font_Family/Qomolangma-UchenSarchen.ttf,,24,300,1
Qomolangma-UchenSarchung,珠穆朗玛—乌金萨琼体,Arrunta|Navadno|Normaali|Normal|Normale|Normalny|Normál|Normálne|Qomolangma-Uchen Sarchung|Regular|Standaard|Standard|normal|obyčejné|Κανονικά|Обычный|珠穆朗玛—乌金萨琼体,selection_normalized/Qomolangma_Font_Family/Qomolangma-UchenSarchung.ttf,,24,300,1
Qomolangma-UchenSuring,珠穆朗玛—乌金苏仁体,Arrunta|Navadno|Normaali|Normal|Normale|Normalny|Normál|Normálne|Qomolangma-Uchen Suring|Regular|Standaard|Standard|normal|obyčejné|Κανονικά|Обычный|珠穆朗玛—乌金苏仁体,selection_normalized/Qomolangma_Font_Family/Qomolangma-UchenSuring.ttf,,24,300,1
Qomolangma-UchenSutung,珠穆朗玛—乌金苏通体,Arrunta|Navadno|Normaali|Normal|Normale|Normalny|Normál|Normálne|Qomolangma-Uchen Sutung|Regular|Standaard|Standard|normal|obyčejné|Κανονικά|Обычный|珠穆朗玛—乌金苏通体,selection_normalized/Qomolangma_Font_Family/Qomolangma-UchenSutung.ttf,,24,300,1
Qomolangma-Woodblock,Qomolangma-Woodblock,Arrunta|Navadno|Normaali|Normal|Normale|Normalny|Normál|Normálne|Qomolangma-Woodblock|Regular|Standaard|Standard|normal|obyčejné|Κανονικά|Обычный|珠穆朗玛—雕版体,selection_normalized/Qomolangma_Font_Family/Qomolangma-Woodblock.ttf,,24,300,1
Rebod-_0a18e297,Rebod—乌金列砖体,Rebod-brick body|Rebod—乌金列砖体|Regular,selection_normalized/Rebod_Font_Family/Rebod-_0a18e297.ttf,,26.4,300,1
Rebod-_190a8252,Rebod-乌金瀑布体,Arrunta|Navadno|Normaali|Normal|Normale|Normalny|Normál|Normálne|Rebod-Waterfall|Rebod-乌金瀑布体|Regular|Standaard|Standard|normal|obyčejné|Κανονικά|Обычный,selection_normalized/Rebod_Font_Family/Rebod-_190a8252.ttf,,24,300,0
Rebod-_1e455159,Rebod-Shaepbody,Arrunta|Navadno|Normaali|Normal|Normale|Normalny|Normál|Normálne|Rebod-Shaep body|Rebod—乌金卡通锐体|Regular|Standaard|Standard|normal|obyčejné|Κανονικά|Обычный,selection_normalized/Rebod_Font_Family/Rebod-_1e455159.ttf,,24,300,0
Rebod-_285b2a58,Rebod—乌金手写线体,Arrunta|Navadno|Normaali|Normal|Normale|Normalny|Normál|Normálne|Rebod-Handwriting line body|Rebod—乌金手写线体|Regular|Standaard|Standard|normal|obyčejné|Κανονικά|Обычный,selection_normalized/Rebod_Font_Family/Rebod-_285b2a58.ttf,,24,300,0
Rebod-_3755fb69,Rebod-Indiastyle,Arrunta|Navadno|Normaali|Normal|Normale|Normalny|Normál|Normálne|Rebod-India style|Rebod-印意藏体|Regular|Standaard|Standard|normal|obyčejné|Κανονικά|Обычный,selection_normalized/Rebod_Font_Family/Rebod-_3755fb69.ttf,,24,300,1
Rebod-_44ca9f94,Rebod-SansSerifwidethin,Arrunta|Navadno|Normaali|Normal|Normale|Normalny|Normál|Normálne|Rebod-SansSerif wide thin|Rebod-乌金宽黑细体|Regular|Standaard|Standard|normal|obyčejné|Κανονικά|Обычный,selection_normalized/Rebod_Font_Family/Rebod-_44ca9f94.ttf,,24,300,0
Rebod-_4e6765a6,Rebod-端智嘉手写体,Arrunta|Navadno|Normaali|Normal|Normale|Normalny|Normál|Normálne|Rebod-Don grub rgyal|Rebod-端智嘉手写体|Regular|Standaard|Standard|normal|obyčejné|Κανονικά|Обычный,selection_normalized/Rebod_Font_Family/Rebod-_4e6765a6.ttf,,24,300,1
Rebod-_5c32e115,Rebod-Brush,Arrunta|Navadno|Normaali|Normal|Normale|Normalny|Normál|Normálne|Rebod-Brush|Rebod-乌金毛笔体|Regular|Standaard|Standard|normal|obyčejné|Κανονικά|Обычный,selection_normalized/Rebod_Font_Family/Rebod-_5c32e115.ttf,,24,300,1
Rebod-_7342f435,Rebod-乌金宽黑体,Arrunta|Navadno|Normaali|Normal|Normale|Normalny|Normál|Normálne|Rebod-SansSerif wide bold|Rebod-乌金宽黑体|Regular|Standaard|Standard|normal|obyčejné|Κανονικά|Обычный,selection_normalized/Rebod_Font_Family/Rebod-_7342f435.ttf,,24,300,1
Rebod-_cc27b164,Robod-PixelFonts,Rebod—乌金像素点阵体|Regular|Robod-Pixel Fonts,selection_normalized/Rebod_Font_Family/Rebod-_cc27b164.ttf,,26.4,300,0
Rebod_tibetan_Power,RebodTibetanPower-,Normal|Rebod Tibetan Power|Rebod Tibetan Power ´|Rebod Tibetan Power 粗体|Rebod-藏文力量体|´|粗体,selection_normalized/Rebod_Font_Family/Rebod_tibetan_Power.ttf,,24,300,0
Riwoche_Dhodri-Yigchen_Regular,RiwocheDhodriYigchen,Arrunta|Navadno|Normaali|Normal|Normale|Normalny|Normál|Normálne|Regular|Riwoche Dhodri-Yigchen|Standaard|Standard|normal|obyčejné|རི་ཆེའི་རྡོ་བྲིས་ཡིག་ཆེན།|类乌齐多智-伊钦体,selection_normalized/Bero_Tsana_Type_Foundry_6855e2c5/Riwoche_Dhodri_Font_Family/Riwoche_Dhodri-Yigchen_Regular.ttf,,26.4,300,1
Riwoche_Dhodri-Yigchung_Regular,RiwocheDhodriYigchung,Regular|Riwoche Dhodri-Yigchung|རི་ཆེའི་རྡོ་བྲིས་ཡིག་ཆུང་།|类乌齐多智-艺穹体,selection_normalized/Bero_Tsana_Type_Foundry_6855e2c5/Riwoche_Dhodri_Font_Family/Riwoche_Dhodri-Yigchung_Regular.ttf,,36.6,300,1
Sadri_Drutsa_Regular,SadriDrutsa,Arrunta|Navadno|Normaali|Normal|Normale|Normalny|Normál|Normálne|Regular|Sadri Drutsa|Standaard|Standard|normal|obyčejné|萨智珠擦体,selection_normalized/Bero_Tsana_Type_Foundry_6855e2c5/Sadri_Typeface/Sadri_Drutsa_Regular.ttf,,24,300,1
Sadri_Yigchen_Regular,SadriYigchen,Arrunta|Navadno|Normaali|Normal|Normale|Normalny|Normál|Normálne|Regular|Sadri Yigchen|Standaard|Standard|normal|obyčejné|萨智伊钦体,selection_normalized/Bero_Tsana_Type_Foundry_6855e2c5/Sadri_Typeface/Sadri_Yigchen_Regular.ttf,,24,300,1
Sadri_Yigchung_Regular,SadriYigchung,Arrunta|Navadno|Normaali|Normal|Normale|Normalny|Normál|Normálne|Regular|Sadri Yigchung|Standaard|Standard|normal|obyčejné|Κανονικά|Обычный|萨智艺穹体,selection_normalized/Bero_Tsana_Type_Foundry_6855e2c5/Sadri_Typeface/Sadri_Yigchung_Regular.ttf,,36,300,1
Sambhota-DenangSazhi,SambhotaDenangSazhi-Regular,Regular|Sambhota-DenangSazhi|Sambhota-DenangSazhi Regular,selection_normalized/Sambhota-DenangSazhi.ttf,,24,300,0
Sambhota_Drutsa,SambhotaDrutsa-Regular,Regular|Sambhota_Drutsa|Sambhota_Drutsa Regular,selection_normalized/sambhota_Drutsa.ttf,,24,300,0
Sambhota_Shingpar,SambhotaShingpar-Regular,Regular|Sambhota_Shingpar|Sambhota_Shingpar Regular,selection_normalized/Sambhota_Shingpar.ttf,,24,300,0
Sambhota_Ume,SambhotaUme-Regular,Regular|Sambhota_Ume|Sambhota_Ume Regular,selection_normalized/Sambhota_Ume.ttf,,26.4,300,0
SambhotaDege,SambhotaDege,Regular|SambhotaDege,selection_normalized/SambhotaDege.ttf,,24,300,1
SambhotaUnicodeBaseShip,SambhotaUnicodeBase,Regular|SambhotaUnicodeBase|SambhotaUnicodeBase Regular,selection_normalized/sambhotaUnicodeBaseShip.ttf,,24,300,0
Shamling_Woodblocks,ShamlingWoodblocks,Regular|Shamling Woodblocks,selection_normalized/Shamling_Woodblocks.ttf,,26.4,300,1
ShangshungSgoba-KhraChen,ShangshungSgoba-KhraChen,Arrunta|Navadno|Normaali|Normal|Normale|Normalny|Normál|Normálne|Regular|Shangshung Sgoba-KhraChen|Standaard|Standard|normal|obyčejné|Κανονικά|Обычный|象雄古巴—察钦体,selection_normalized/Shangshung_Sgoba_Typeface/ShangshungSgoba-KhraChen.ttf,,24,300,1
ShangshungSgoba-KhraChung,ShangshungSgoba-KhraChung,Arrunta|Navadno|Normaali|Normal|Normale|Normalny|Normál|Normálne|Regular|Shangshung Sgoba-KhraChung|Standaard|Standard|normal|obyčejné|Κανονικά|Обычный|象雄古巴—察琼体,selection_normalized/Shangshung_Sgoba_Typeface/ShangshungSgoba-KhraChung.ttf,,24,300,1
ShangshungSgoba-KhraTung,TibetanFont,Arrunta|Navadno|Normaali|Normal|Normale|Normalny|Normál|Normálne|Regular|Shangshung Sgoba-KhraTung|Standaard|Standard|normal|obyčejné|Κανονικά|Обычный|象雄古巴—察通体,selection_normalized/Shangshung_Sgoba_Typeface/ShangshungSgoba-KhraTung.ttf,,24,300,1
ShangshungSgoba-Khyungpo,TibetanFont,Arrunta|Navadno|Normaali|Normal|Normale|Normalny|Normál|Normálne|Regular|Shangshung Sgoba-KhraTung|Shangshung Sgoba-Khyungpo|Standaard|Standard|normal|obyčejné|Κανονικά|Обычный|象雄古巴—琼布体,selection_normalized/Shangshung_Sgoba_Typeface/ShangshungSgoba-Khyungpo.ttf,,24,300,1
Snow_Lotus,SnowLotus,-|Regular|Snow Lotus|雪莲花-藏文字体,selection_normalized/Snow_Lotus.ttf,,24,300,1
Tanzin_Kabree_Capital_Letters_Tanzin_Kabree_Capital_Letters,TanzinKabreeCapitalLetters-TanzinKabreeCapitalLetters,Regular|Tanzin Kabree Capital Letters Tanzin Kabree Capital Letters|丹增噶智意钦 丹增噶智意钦,selection_normalized/Tanzin_Kabree_Font_Family/Tanzin_Kabree_Capital_Letters_Tanzin_Kabree_Capital_Letters.ttf,,24,300,1
Tanzin_Kabree_mediocre_Letters_Tanzin_Kabree_mediocre_Letters,TanzinKabreemediocreLetters-TanzinKabreemediocreLetters,Regular|Tanzin Kabree mediocre Letters Tanzin Kabree mediocre Letters|丹增噶智意章 丹增噶智意章,selection_normalized/Tanzin_Kabree_Font_Family/Tanzin_Kabree_mediocre_Letters_Tanzin_Kabree_mediocre_Letters.ttf,,24,300,1
Tanzin_Kabree_Small_Letters_Tanzin_Kabree_Small_Letters,TanzinKabreeSmallLetters-TanzinKabreeSmallLetters,Regular|Tanzin Kabree Small Letters Tanzin Kabree Small Letters|丹增噶智意琼 丹增噶智意琼,selection_normalized/Tanzin_Kabree_Font_Family/Tanzin_Kabree_Small_Letters_Tanzin_Kabree_Small_Letters.ttf,,31.83,300,1
Tanzin_Kabree_Sug_ring_Tanzin_Kabree_Sug_ring,TanzinKabreeSugring-TanzinKabreeSugring,Regular|Tanzin Kabree Sug ring Tanzin Kabree Sug ring|丹增噶智苏让 丹增噶智苏让,selection_normalized/Tanzin_Kabree_Font_Family/Tanzin_Kabree_Sug_ring_Tanzin_Kabree_Sug_ring.ttf,,42,300,1
Tashi,XTashi,Regular|XTashi,selection_normalized/Dzongkha_fonts/tashi.ttf,,26.4,300,1
Taznzin_Kabree_Quick-writing_Taznzin_Kabree_Quick-writing,TaznzinKabreeQuickwriting-TaznzinKabreeQuickwriting,Regular|Taznzin Kabree Quick-writing Taznzin Kabree Quick-writing|丹增噶智丘意 丹增噶智丘意,selection_normalized/Tanzin_Kabree_Font_Family/Taznzin_Kabree_Quick-writing_Taznzin_Kabree_Quick-writing.ttf,,26.4,300,1
TCRC-SD,TCRCSD,Regular|TCRC-SD,selection_normalized/TCRC_Typeface/TCRC-SD.ttf,,24,300,1
Tcrc_youtso_unicode,TCRCYoutsoUnicode,Regular|TCRC Youtso Unicode,selection_normalized/TCRC_Typeface/tcrc_youtso_unicode.ttf,,24,300,0
TCRCTibetanUnicode,TCRCYoutsoUnicode,Regular|TCRC Youtso Unicode,selection_normalized/TCRC_Typeface/TCRCTibetanUnicode.ttf,,24,300,0
Tendar_Dutsa,TendarDutsa,Regular|Tendar Dutsa,selection_normalized/Tendar_Font_Family/Tendar_Dutsa.ttf,,24,300,0
Tendar_Ouchen,TendarOuchen,Regular|Tendar Ouchen,selection_normalized/Tendar_Font_Family/Tendar_Ouchen.ttf,,24,300,1
Tendar_Tsukring,TendarTsukring,Regular|Tendar Tsukring,selection_normalized/Tendar_Font_Family/Tendar_Tsukring.ttf,,32,300,0
Tendar_Tsukthung,TendarTsukthung,Regular|Tendar Tsukthung,selection_normalized/Tendar_Font_Family/Tendar_Tsukthung.ttf,,26,300,0
Thonmi_Tradition_Uchen_Nye_Style,TnonMiviPhyagRgyunSnyeBrisDbuCan,?|Arrunta|Navadno|Normaali|Normal|Normale|Normalny|Normál|Normálne|Regular|Standaard|Standard|TnonMivi PhyagRgyun-SnyeBris Db|TnonMivi PhyagRgyun-SnyeBris DbuCan|normal|obyčejné|Κανονικά|Обычный|吞弥恰俊—尼赤乌坚体,selection_normalized/Calligraphy_of_Thonmi_Font_Family/Thonmi_Tradition_Uchen_Nye_Style.ttf,,24,300,1
TibetanCalligraphicUnicode_1.1,TibetanCalligraphicUnicode,Regular|TibetanCalligraphicUnicode,selection_normalized/Tibetan_Calligraphic/Unicode/TibetanCalligraphicUnicode_1.1.ttf,,32,300,1
TibetanChosgyalUnicode_1.1,TibetanChogyalUnicode,Regular|TibetanChogyalUnicode,selection_normalized/Tibetan_Chogyal/Unicode/TibetanChosgyalUnicode_1.1.ttf,,32,300,1
TibetanClassicUnicode_1.1,TibetanClassicUnicode,Regular|TibetanClassicUnicode,selection_normalized/Tibetan_Classic/Unicode/TibetanClassicUnicode_1.1.ttf,,32,300,1
TibetanMachineUnicode_1.1,TibetanMachineUnicode,Regular|TibetanMachineUnicode,selection_normalized/Tibetan_Machine/Unicode/TibetanMachineUnicode_1.1.ttf,,32,300,1
TibetanManglamUni,TibetanMangalamUni,Regular|Tibetan Mangalam Uni,selection_normalized/TibetanManglamUni.ttf,,34.14,300,1
Tibetanmanistones-Regular,Tibetanmanistones-Regular,Regular|Tibetan mani stones|Tibetan mani stones Regular,selection_normalized/TanviDev/Tibetanmanistones-Regular.otf,,24,300,0
Tibetanmanistonesstencil-Regular,Tibetanmanistonesstencil-Regular,Regular|Tibetan mani stones stencil|Tibetan mani stones stencil Regular,selection_normalized/TanviDev/Tibetanmanistonesstencil-Regular.otf,,24,300,0
Tibetanmanistonesstencil01-Regular,Tibetanmanistonesstencil01-Regular,Regular|Tibetan mani stones stencil 01|Tibetan mani stones stencil 01 Regular,selection_normalized/TanviDev/Tibetanmanistonesstencil01-Regular.otf,,24,300,0
Tibetansambhotayigchung,TibetanSambhotaYigchung,Regular|TibetanSambhotaYigchung,selection_normalized/tibetansambhotayigchung.ttf,,17.6,300,0
Tibetantsugring,TibetanTsugRing,Regular|TibetanTsugRing,selection_normalized/tibetantsugring.otf,,24,300,0
TibetanUchen-Regular,TibetanUchen-Regular,Regular|Tibetan Uchen|Tibetan Uchen Regular,selection_normalized/TanviDev/TibetanUchen-Regular.otf,,24,300,0
Tibp,TibP,Regular|TibP,selection_normalized/tibp.ttf,,24,300,1
TnonMivi_PhyagRgyun-Bribris_Dbetshugs,?,Arrunta|Navadno|Normaali|Normal|Normale|Normalny|Normál|Normálne|Regular|Standaard|Standard|TnonMivi PhyagRgyun-Bribris Dbe|TnonMivi PhyagRgyun-Bribris Dbetshugs|normal|obyčejné|Обычный|吞弥恰俊—直赤白徂体,selection_normalized/Calligraphy_of_Thonmi_Font_Family/TnonMivi_PhyagRgyun-Bribris_Dbetshugs.ttf,,24,300,0
TnonMivi_PhyagRgyun-Brutsha_Zhabsring,TnonMivi PhyagRgyun-Brutsha Zhabsring,Arrunta|Navadno|Normaali|Normal|Normale|Normalny|Normál|Normálne|Regular|Standaard|Standard|TnonMivi PhyagRgyun|TnonMivi PhyagRgyun-Brutsha Zhabsring|normal|obyčejné|Κανονικά|Обычный|吞弥恰俊—朱匝长腿体,selection_normalized/Calligraphy_of_Thonmi_Font_Family/TnonMivi_PhyagRgyun-Brutsha_Zhabsring.ttf,,24,300,0
TnonMivi_PhyagRgyun-Tembangma_Chungbris,TnonMivi PhyagRgyunTembangmaChungbris,Arrunta|Navadno|Normaali|Normal|Normale|Normalny|Normál|Normálne|Regular|Standaard|Standard|TnonMivi PhyagRgyun|TnonMivi PhyagRgyun-Tembangma C|TnonMivi PhyagRgyun-Tembangma Chungbris|normal|obyčejné|Κανονικά|Обычный|吞弥恰俊—天邦玛琼赤体,selection_normalized/Calligraphy_of_Thonmi_Font_Family/TnonMivi_PhyagRgyun-Tembangma_Chungbris.ttf,,24,300,1
TnonMivi_PhyagRgyun-tsugtong,TnonMiviPhyagRgyun,Arrunta|Navadno|Normaali|Normal|Normale|Normalny|Normál|Normálne|Regular|Standaard|Standard|TnonMivi PhyagRgyun-tsugtong|normal|obyčejné|Κανονικά|Обычный|吞弥恰俊—徂通体,selection_normalized/Calligraphy_of_Thonmi_Font_Family/TnonMivi_PhyagRgyun-tsugtong.ttf,,24,300,0
TseangGyatso.01,TseangGyatso.01,Regular|TseangGyatso.01|TsewangGyatso.typeface,selection_normalized/Tsewang_Gyatso_Font_Family/TseangGyatso.01.ttf,,21,300,0
Uchen,Uchen_05,Regular|Uchen_05,selection_normalized/Dzongkha_fonts_3e420444/DDC/uchen.ttf,,38.72,300,1
Wangdi,Wangdi-Medium,Medium|Wangdi|Wangdi Medium|Wangdi-Medium,selection_normalized/Dzongkha_fonts_3e420444/Wangdi/wangdi.ttf,,24,300,0
Wangdi_29,Wangdi29,Regular|Wangdi29,selection_normalized/Dzongkha_fonts_3e420444/Wangdi/wangdi_29.ttf,,38,300,1
Wujin_changgui,Yuchi Wujin Changgui,Arrunta|Navadno|Normaali|Normal|Normale|Normalny|Normál|Normálne|Standaard|Standard|Yuchi Wujin Changgui|normal|obyčejné|Κανονικά|Обычный|玉翅 乌金 常规,selection_normalized/Yuchi_Wylie-g.yu_khri_Font_Family/wujin_changgui.ttf,,24,300,1
Wujin_gangbi,Yuchi Wujin Gangbi,Arrunta|Navadno|Normaali|Normal|Normale|Normalny|Normál|Normálne|Standaard|Standard|Yuchi Wujin Gangbi|normal|obyčejné|Κανονικά|Обычный|玉翅 乌金 钢笔,selection_normalized/Yuchi_Wylie-g.yu_khri_Font_Family/wujin_gangbi.ttf,,24,300,1
Wujin_labuleng,Yuchi Wujin Labuleng,Arrunta|Navadno|Normaali|Normal|Normale|Normalny|Normál|Normálne|Standaard|Standard|Yuchi Wujin Labuleng|normal|obyčejné|Κανονικά|Обычный|玉翅 乌金 拉卜楞,selection_normalized/Yuchi_Wylie-g.yu_khri_Font_Family/wujin_labuleng.ttf,,24,300,1
Wujin_surang,Yuchi Wujin Surang,Arrunta|Navadno|Normaali|Normal|Normale|Normalny|Normál|Normálne|Standaard|Standard|Yuchi Wujin Surang|normal|obyčejné|Κανονικά|Обычный|玉翅 乌金 苏让,selection_normalized/Yuchi_Wylie-g.yu_khri_Font_Family/wujin_surang.ttf,,24,300,1
Wujin_yishu2,Yuchi Wujin Yishu2,Arrunta|Navadno|Normaali|Normal|Normale|Normalny|Normál|Normálne|Standaard|Standard|Yuchi Wujin Yishu2|normal|obyčejné|Κανονικά|Обычный|玉翅 乌金 艺术2,selection_normalized/Yuchi_Wylie-g.yu_khri_Font_Family/wujin_yishu2.ttf,,36,300,0
WujinLabulengChenlai-Regular,WujinLabulengChenlai,Arrunta|Navadno|Normaali|Normal|Normale|Normalny|Normál|Normálne|Regular|Standaard|Standard|Wujin Labuleng Chenlai|normal|obyčejné|Κανονικά|Обычный|乌金 成来坚措 拉卜楞,selection_normalized/WujinLabulengChenlai-Regular.ttf,,24,300,1
X,ZoomlaNaximanaya-A052,Regular|ZoomlaNaximanaya-A052|常规|逐浪纳西木喜马拉雅字藏语字库,selection_normalized/x.otf,,26.4,300,1
X_1,SJzangwen,Regular|SJzangwen|三极藏文,selection_normalized/x.ttf,,24,300,1
X_2,YuchiWujinLabuleng2,Arrunta|Navadno|Normaali|Normal|Normale|Normalny|Normál|Normálne|Standaard|Standard|Yuchi Wujin Labuleng2|Yuchi Wujin Labuleng2 Yuchi Wujin Labuleng2|normal|obyčejné|Κανονικά|Обычный|玉翅 乌金 拉卜楞2,selection_normalized/Jamyang_Font_Family/x.ttf,,24,300,0
XenoType_Tibetan_New,XenoTypeTibetanNew,Regular|XenoType Tibetan New,selection_normalized/Xenotype_Tibetan/XenoType_Tibetan_New.ttf,,24,300,1
YagpoSambhotaUni,YagpoTibetanSambhotaUni,Regular|Yagpo Tibetan Sambhota Uni,selection_normalized/Yagpo_Tibetan_Font_Family/YagpoSambhotaUni.ttf,,24,300,1
YagpoUni,YagpoTibetanUni,Arrunta|Navadno|Normaali|Normal|Normale|Normalny|Normál|Normálne|Regular|Standaard|Standard|Yagpo Tibetan Uni|normal|obyčejné|thường|Κανονικά|Обычный|ཡག་པོ།,selection_normalized/Yagpo_Tibetan_Font_Family/YagpoUni.ttf,,24,300,1
Yalasoo_Uchen,呀啦嗦-乌金体,Arrunta|Navadno|Normaali|Normal|Normale|Normalny|Normál|Normálne|Regular|Standaard|Standard|normal|obyčejné|yalasoo-Uchen|Κανονικά|Обычный|呀啦嗦-乌金体,selection_normalized/yalasoo_Uchen.ttf,,24,300,1
Yesang_Karmo-Bhodor,YesangKarmo-Bhodor01,Regular|Yesang Karmo-Bhodor(01),selection_normalized/Bhod_Dhorchang_s_Fonts/Yesang_Karmo-Bhodor.ttf,,26.4,300,1
Yutri_Uchen,--,????-?®∞??|????-?®∞??®™?|Arrunta|Navadno|Normaali|Normal|Normale|Normalny|Normál|Normálne|Regular|Standaard|Standard|normal|obyčejné|®™?|Κανονικά|Обычный|常规|玉翅-乌金体|玉翅-乌金体 常规,selection_normalized/-Yutri_Uchen.ttf,,24,300,1
Zhuca_molam1,玉翅 毛兰珠擦1,Arrunta|Navadno|Normaali|Normal|Normale|Normalny|Normál|Normálne|Standaard|Standard|Yuchi Zhuca Molam1|normal|obyčejné|Κανονικά|Обычный|玉翅 毛兰珠擦1,selection_normalized/Yuchi_Wylie-g.yu_khri_Font_Family/zhuca_molam1.ttf,,24,300,1
Zhuca_molam2,Yuchi Zhuca Molam2,Arrunta|Navadno|Normaali|Normal|Normale|Normalny|Normál|Normálne|Standaard|Standard|Yuchi Zhuca Molam2|normal|obyčejné|Κανονικά|Обычный|玉翅 毛兰珠擦2,selection_normalized/Yuchi_Wylie-g.yu_khri_Font_Family/zhuca_molam2.ttf,,17.6,300,1
Zhuca_weizang,Yuchi Zhuca Weizang,Arrunta|Navadno|Normaali|Normal|Normale|Normalny|Normál|Normálne|Standaard|Standard|Yuchi Zhuca Weizang|normal|obyčejné|Κανονικά|Обычный|玉翅 卫藏 珠擦,selection_normalized/Yuchi_Wylie-g.yu_khri_Font_Family/zhuca_weizang.ttf,,20.8,300,1
